"Date","Temp-High","Temp-Avg","Temp-Low","Dew-Point-High","Dew-Point-Avg","Dew-Point-Low","Humidity-High","Humidity-Avg","Humidity-Low","Speed-High","Speed-Avg","Speed-Low","Pressure-High","Pressure-Low","Precip.-Accum.-Sum"
"4/12/2023","7.6","7.2","6.7","4.8","4.3","4.0","85","82","80","4.7","0.9","0.0","1,014.22","1,012.87","0.51"
"4/13/2023","16.0","9.1","4.8","6.2","3.7","1.8","88","70","43","9.7","1.8","0.0","1,017.95","1,012.87","0.51"
"4/14/2023","21.6","9.2","0.7","5.9","1.4","-2.2","95","65","24","7.2","0.4","0.0","1,019.64","1,015.24","0.00"
"4/15/2023","14.8","8.1","2.2","7.7","3.5","-0.2","88","75","37","5.5","0.3","0.0","1,020.32","1,013.21","3.56"
"4/16/2023","13.6","10.3","8.8","9.1","7.1","5.9","88","81","71","4.7","0.4","0.0","1,026.75","1,019.98","0.51"
"4/17/2023","14.8","10.9","6.8","8.4","6.2","1.8","94","74","47","4.3","0.1","0.0","1,028.11","1,026.08","0.25"
"4/18/2023","18.6","10.8","4.0","7.9","4.7","1.6","86","67","44","6.1","0.3","0.0","1,029.12","1,026.08","3.30"
"4/19/2023","22.8","13.3","7.7","7.4","2.9","-3.7","85","54","18","6.1","0.4","0.0","1,028.78","1,023.03","0.00"
"4/20/2023","14.3","8.6","3.9","6.6","2.4","-1.8","92","66","41","5.0","0.2","0.0","1,023.71","1,017.27","3.56"
"4/21/2023","25.1","11.8","4.5","10.8","7.5","3.4","95","78","36","21.2","0.8","0.0","1,018.63","1,012.87","26.42"
"4/22/2023","24.8","14.9","8.3","11.3","8.8","6.2","94","71","34","20.6","3.2","0.0","1,014.22","1,011.85","1.78"
"4/23/2023","21.5","14.6","11.3","11.8","9.6","5.4","94","75","37","22.7","5.6","0.0","1,014.56","1,008.13","4.32"
"4/24/2023","14.9","11.4","8.8","8.5","6.2","3.3","86","71","50","31.4","8.8","0.0","1,014.90","1,007.79","1.02"
"4/25/2023","12.8","9.3","4.1","6.6","2.6","-1.7","92","65","39","15.8","3.5","0.0","1,021.33","1,013.55","1.78"
"4/26/2023","16.8","8.4","-1.3","2.4","-0.4","-2.4","94","59","29","13.4","1.7","0.0","1,023.37","1,020.66","0.00"
"4/27/2023","20.4","12.0","3.0","4.8","1.3","-0.9","81","51","27","12.6","2.7","0.0","1,023.71","1,019.64","0.00"
"4/28/2023","20.9","13.3","9.3","15.5","9.9","3.6","94","80","58","14.0","2.6","0.0","1,019.98","1,014.22","3.81"
"4/29/2023","17.1","13.1","10.9","11.2","8.7","7.1","96","76","56","14.3","2.7","0.0","1,025.06","1,016.59","0.00"
"4/30/2023","22.9","15.1","10.2","7.6","5.5","3.3","79","56","30","18.3","5.3","0.0","1,026.08","1,021.33","0.00"
"5/1/2023","24.4","15.7","10.3","8.2","5.6","4.2","68","52","30","14.3","4.3","0.0","1,022.01","1,017.27","0.00"
"5/2/2023","20.4","14.0","9.0","9.7","6.2","2.2","84","61","40","15.1","4.3","0.0","1,031.16","1,021.00","0.00"
"5/3/2023","21.2","12.6","5.3","4.4","2.2","0.3","72","51","30","15.8","4.7","0.0","1,031.49","1,026.75","0.00"
"5/4/2023","27.1","16.3","8.2","7.5","5.0","2.6","69","50","25","15.1","4.9","0.0","1,027.09","1,019.30","0.00"
"5/5/2023","27.1","18.1","9.9","13.7","9.3","6.3","85","59","27","21.9","4.1","0.0","1,021.67","1,018.63","0.00"
"5/6/2023","24.8","17.7","8.6","11.7","9.9","7.4","94","63","37","15.1","2.7","0.0","1,022.35","1,019.30","0.00"
"5/7/2023","26.0","17.9","14.8","14.9","11.3","8.6","95","68","36","20.9","4.8","0.0","1,024.04","1,018.96","3.56"
"5/8/2023","19.3","15.1","12.1","14.3","12.3","10.3","95","84","69","15.4","3.5","0.0","1,026.08","1,023.37","0.25"
"5/9/2023","23.7","16.6","11.8","17.4","13.7","11.1","95","84","56","18.0","2.5","0.0","1,024.38","1,012.53","6.60"
"5/10/2023","19.9","15.2","12.3","13.8","10.6","7.2","95","76","48","19.2","5.0","0.0","1,017.95","1,012.19","9.65"
"5/11/2023","17.6","12.7","9.0","13.0","9.9","7.3","95","83","61","7.9","1.6","0.0","1,018.96","1,017.61","5.33"
"5/12/2023","18.1","13.9","11.1","12.6","10.9","9.6","96","83","59","15.1","3.1","0.0","1,022.35","1,017.61","2.03"
"5/13/2023","21.6","15.5","10.4","10.7","8.2","6.1","89","64","39","30.9","4.1","0.0","1,023.03","1,021.33","0.00"
"5/14/2023","22.8","15.0","7.7","10.3","8.2","6.1","95","67","37","21.9","2.8","0.0","1,022.35","1,016.93","0.00"
"5/15/2023","23.4","15.8","7.4","11.4","8.3","5.9","95","64","35","21.2","3.8","0.0","1,017.95","1,014.90","0.00"
"5/16/2023","17.3","13.2","9.7","9.3","5.3","-0.3","82","61","34","18.7","5.1","0.0","1,026.08","1,017.61","0.00"
"5/17/2023","19.7","12.7","7.0","5.3","3.0","1.2","79","54","32","23.8","3.9","0.0","1,029.46","1,025.74","0.00"
"5/18/2023","20.6","13.3","6.9","4.5","2.6","1.3","69","50","31","20.6","6.1","0.0","1,030.48","1,026.41","0.00"
"5/19/2023","21.3","15.4","8.8","6.1","4.2","2.7","68","49","33","19.5","6.3","0.3","1,028.45","1,023.71","0.00"
"5/20/2023","21.7","17.1","12.6","11.7","9.3","4.8","73","61","49","21.6","8.2","0.6","1,024.72","1,019.30","0.00"
"5/21/2023","28.8","21.2","15.4","14.1","12.1","10.5","77","59","35","18.7","4.6","0.0","1,019.64","1,015.58","0.00"
"5/22/2023","33.2","22.8","14.9","16.1","13.8","10.9","85","60","30","15.1","3.4","0.0","1,018.29","1,014.90","0.00"
"5/23/2023","21.3","17.3","11.8","15.4","11.0","6.7","80","67","51","16.9","5.0","0.0","1,025.74","1,017.95","0.00"
"5/24/2023","17.6","12.8","8.4","7.0","3.9","1.1","83","56","37","21.2","4.3","0.0","1,027.09","1,025.06","0.00"
"5/25/2023","22.9","15.9","8.5","8.7","6.7","4.4","87","57","35","21.9","7.0","0.0","1,029.12","1,026.75","0.00"
"5/26/2023","23.3","17.3","11.1","9.3","7.7","3.8","77","55","39","23.0","7.4","0.6","1,030.48","1,028.45","0.00"
"5/27/2023","27.6","18.5","11.3","8.2","5.3","2.8","64","44","22","23.0","6.8","0.3","1,030.48","1,023.37","0.00"
"5/28/2023","28.2","20.0","9.4","8.4","6.5","3.1","81","45","22","19.2","4.7","0.0","1,024.04","1,019.98","0.00"
"5/29/2023","27.3","20.6","14.1","10.1","8.2","4.3","62","46","27","27.0","7.7","0.6","1,025.06","1,021.67","0.00"
"5/30/2023","24.1","18.7","13.1","7.8","5.8","4.2","60","44","31","27.0","8.0","0.0","1,027.43","1,024.72","0.00"
"5/31/2023","29.8","20.7","13.8","8.7","6.8","3.2","69","43","24","21.2","7.6","0.0","1,027.09","1,022.01","0.00"
"6/1/2023","30.7","22.2","15.8","10.9","8.3","5.5","61","43","24","19.5","4.9","0.0","1,023.71","1,018.96","0.00"
"6/2/2023","22.6","16.5","10.7","8.7","6.3","2.7","78","53","31","23.3","6.7","0.3","1,023.37","1,020.66","0.00"
"6/3/2023","25.8","18.6","12.1","8.2","6.1","2.7","69","46","29","22.4","7.1","0.6","1,023.37","1,020.66","0.00"
"6/4/2023","27.8","20.0","13.2","5.3","3.2","1.7","48","34","20","17.7","6.3","0.0","1,024.04","1,021.33","0.00"
"6/5/2023","28.6","21.4","13.3","7.4","4.0","1.4","47","33","22","18.0","5.1","0.0","1,023.37","1,019.64","0.00"
"6/6/2023","28.4","21.4","13.4","10.0","7.5","4.6","69","43","24","21.6","4.5","0.0","1,022.69","1,020.66","0.00"
"6/7/2023","29.4","20.8","12.2","14.0","10.5","6.5","76","53","33","16.3","3.1","0.0","1,022.69","1,018.96","0.00"
"6/8/2023","30.2","21.2","16.6","15.2","12.8","10.5","79","60","35","32.3","5.1","0.0","1,019.98","1,016.26","0.00"
"6/9/2023","31.4","22.5","12.4","13.4","11.6","7.6","93","55","25","20.6","4.8","0.0","1,018.96","1,015.58","0.00"
"6/10/2023","32.8","24.0","15.9","19.2","12.2","9.3","85","51","26","23.0","4.5","0.0","1,018.96","1,015.92","1.52"
"6/11/2023","31.8","24.5","17.3","16.0","10.9","4.8","80","47","21","19.5","5.0","0.0","1,021.00","1,017.95","0.00"
"6/12/2023","30.8","23.6","15.7","12.3","8.5","5.0","65","40","22","19.2","4.7","0.0","1,020.66","1,016.59","0.00"
"6/13/2023","29.3","22.1","14.0","8.4","6.2","3.9","61","38","21","20.9","5.2","0.0","1,018.96","1,014.56","0.00"
"6/14/2023","27.1","20.8","15.9","8.3","6.6","5.4","51","40","28","21.9","6.1","0.0","1,021.33","1,016.26","0.00"
"6/15/2023","30.4","21.8","14.6","10.2","7.6","4.4","67","42","21","18.7","4.6","0.0","1,023.03","1,019.98","0.00"
"6/16/2023","30.2","21.2","11.2","11.9","8.1","5.8","77","46","23","46.0","2.7","0.0","1,022.35","1,019.30","0.00"
"6/17/2023","33.4","22.9","11.9","12.0","8.3","3.4","83","45","17","15.4","2.6","0.0","1,020.66","1,016.93","0.00"
"6/18/2023","35.8","24.3","12.8","13.2","9.4","5.7","75","44","18","14.3","2.4","0.0","1,018.63","1,014.22","0.00"
"6/19/2023","32.8","25.7","21.1","16.4","14.2","11.1","71","50","30","18.7","4.4","0.0","1,018.29","1,014.22","0.00"
"6/20/2023","36.1","25.6","19.2","20.9","18.0","14.0","96","68","29","28.8","3.2","0.0","1,017.27","1,013.55","19.56"
"6/21/2023","33.3","24.8","17.3","19.7","17.1","14.4","98","67","35","15.8","3.1","0.0","1,022.01","1,016.93","0.25"
"6/22/2023","35.5","24.9","19.4","21.7","18.3","15.5","93","70","33","28.0","5.6","0.0","1,023.37","1,013.88","8.64"
"6/23/2023","27.7","22.3","18.2","16.9","12.6","9.2","84","57","35","21.6","7.3","0.0","1,028.78","1,017.61","0.00"
"6/24/2023","33.4","23.5","13.3","15.2","12.5","10.2","93","55","25","13.4","2.2","0.0","1,030.14","1,024.72","0.00"
"6/25/2023","35.2","25.5","15.8","14.6","12.4","9.4","86","49","23","20.1","3.1","0.0","1,025.06","1,018.96","0.00"
"6/26/2023","32.8","24.1","15.7","15.2","12.4","7.8","87","51","25","21.9","4.7","0.0","1,024.04","1,018.29","0.00"
"6/27/2023","27.4","21.0","13.6","10.4","8.4","5.5","77","46","26","20.6","4.1","0.0","1,025.40","1,021.33","0.00"
"6/28/2023","29.3","21.8","17.8","12.9","10.5","8.9","71","50","34","13.7","2.9","0.0","1,023.37","1,020.66","0.00"
"6/29/2023","30.6","22.5","14.5","15.6","13.2","11.8","89","59","35","15.1","1.9","0.0","1,021.67","1,016.26","0.00"
"6/30/2023","26.0","20.5","14.8","16.6","12.8","7.3","83","63","37","12.6","3.6","0.0","1,017.27","1,014.90","0.00"
"7/1/2023","22.2","17.9","11.2","16.8","12.2","8.7","87","70","45","24.5","6.0","0.0","1,016.26","1,010.50","0.25"
"7/2/2023","26.0","20.1","14.1","15.3","9.9","7.2","85","55","32","24.5","7.0","0.0","1,016.93","1,012.53","0.00"
"7/3/2023","25.4","19.6","14.7","14.1","9.2","6.8","78","53","33","26.2","7.3","0.0","1,018.29","1,015.92","0.00"
"7/4/2023","29.3","21.6","13.6","14.1","10.0","5.3","92","53","25","18.3","5.4","0.0","1,019.98","1,015.58","0.00"
"7/5/2023","24.4","19.9","16.8","16.3","10.1","5.7","93","57","32","34.6","9.8","0.0","1,021.00","1,012.87","4.32"
"7/6/2023","29.8","21.2","12.9","10.9","7.9","4.7","83","47","22","18.7","3.7","0.0","1,023.37","1,020.66","0.00"
"7/7/2023","35.4","24.0","12.6","11.2","8.5","6.5","73","42","18","18.7","3.7","0.0","1,024.72","1,020.66","0.00"
"7/8/2023","37.8","26.9","18.6","14.1","11.0","8.5","58","39","21","16.3","4.2","0.0","1,022.69","1,020.32","0.00"
"7/9/2023","39.8","28.3","16.9","16.8","14.7","12.5","85","48","21","21.6","2.6","0.0","1,024.38","1,020.32","0.00"
"7/10/2023","34.1","26.9","20.9","18.9","15.7","9.1","81","53","29","15.1","3.9","0.0","1,025.06","1,021.67","0.00"
"7/11/2023","38.4","27.0","16.2","20.9","14.8","12.4","85","51","24","20.6","3.4","0.0","1,023.37","1,011.18","0.51"
"7/12/2023","30.1","24.7","19.9","20.4","14.8","7.4","91","59","31","25.3","6.4","0.0","1,017.95","1,013.55","0.25"
"7/13/2023","27.9","21.7","13.6","10.6","8.8","7.2","79","46","29","28.5","5.2","0.0","1,023.37","1,017.95","0.00"
"7/14/2023","31.8","22.8","14.7","11.7","10.0","7.6","74","48","25","18.3","2.9","0.0","1,023.37","1,013.88","0.00"
"7/15/2023","29.7","22.0","15.3","21.2","15.7","9.9","93","69","38","19.2","3.1","0.0","1,015.92","1,012.87","7.11"
"7/16/2023","27.7","22.0","16.9","18.9","12.6","8.1","93","60","30","26.7","8.2","0.0","1,021.67","1,014.90","1.78"
"7/17/2023","29.0","21.9","12.7","13.5","10.3","7.5","91","52","28","24.8","5.0","0.0","1,026.08","1,021.00","0.00"
"7/18/2023","32.3","22.7","12.2","11.8","9.7","7.4","87","49","24","12.6","2.6","0.0","1,026.75","1,017.61","0.00"
"7/19/2023","32.7","23.7","15.2","14.5","11.4","9.5","79","48","27","16.3","3.4","0.0","1,018.29","1,014.90","0.00"
"7/20/2023","29.3","21.7","14.6","12.3","10.4","8.3","77","50","29","12.6","3.3","0.0","1,019.98","1,015.92","0.00"
"7/21/2023","25.3","19.8","16.3","14.2","11.5","9.4","82","60","42","16.6","3.3","0.0","1,019.30","1,014.56","0.00"
"7/22/2023","27.5","20.7","11.6","12.4","9.9","7.0","92","54","28","24.5","4.5","0.0","1,020.32","1,016.26","0.00"
"7/23/2023","27.7","21.6","12.9","13.1","10.7","8.7","82","51","34","30.3","6.9","0.0","1,016.93","1,012.87","0.00"
"7/24/2023","26.8","21.9","17.4","19.3","13.5","10.7","91","59","45","25.3","6.4","0.0","1,012.87","1,006.10","7.87"
"7/25/2023","21.3","17.0","14.6","15.2","12.4","8.6","95","76","49","13.0","3.1","0.0","1,015.24","1,007.79","14.73"
"7/26/2023","23.4","16.9","11.4","14.2","10.3","6.4","88","67","35","23.0","4.0","0.0","1,018.96","1,014.90","2.29"
"7/27/2023","18.9","15.9","12.2","17.7","14.5","10.9","97","91","81","19.8","4.5","0.0","1,018.63","1,011.85","13.72"
"7/28/2023","23.2","19.8","16.8","19.1","17.4","16.3","97","87","71","20.1","5.6","0.0","1,015.24","1,011.18","5.08"
"7/29/2023","28.8","22.0","17.3","19.6","16.3","12.4","97","74","39","25.3","5.2","0.0","1,015.24","1,012.19","5.33"
"7/30/2023","24.4","20.5","17.2","18.1","13.3","8.7","91","65","38","23.0","6.6","0.0","1,019.98","1,013.88","1.02"
"7/31/2023","23.7","19.8","16.8","15.6","12.9","11.2","92","65","51","25.9","8.3","1.4","1,019.30","1,010.16","2.29"
"8/1/2023","24.3","18.9","16.5","18.5","14.5","10.7","96","77","45","30.6","8.3","0.0","1,010.50","1,003.39","24.89"
"8/2/2023","21.4","17.8","15.5","19.1","15.0","12.6","95","84","65","28.0","7.9","0.3","1,010.16","997.97","10.41"
"8/3/2023","22.8","18.9","16.1","15.6","13.8","12.3","86","73","60","33.2","11.8","0.0","1,013.21","1,001.69","0.00"
"8/4/2023","25.2","18.3","15.2","16.4","13.8","11.2","94","76","47","11.1","2.3","0.0","1,020.66","1,013.21","2.79"
"8/5/2023","26.6","19.3","12.8","15.3","13.0","11.1","93","70","41","19.5","3.3","0.0","1,020.66","1,011.85","0.51"
"8/6/2023","19.8","15.6","13.8","15.8","13.3","11.2","95","86","70","28.0","8.0","0.3","1,016.26","1,008.81","9.40"
"8/7/2023","22.6","16.3","13.8","11.3","9.3","6.6","84","65","37","21.2","8.2","0.0","1,021.67","1,015.92","0.00"
"8/8/2023","22.9","17.4","10.6","13.3","10.0","7.0","92","64","38","26.2","7.1","0.0","1,021.67","1,018.29","0.51"
"8/9/2023","22.3","16.9","12.3","16.2","13.4","9.8","96","82","51","15.1","2.6","0.0","1,024.04","1,017.27","6.60"
"8/10/2023","30.2","19.3","10.1","14.8","11.6","8.7","97","67","30","11.9","1.7","0.0","1,026.08","1,023.37","0.00"
"8/11/2023","34.3","22.7","12.0","18.2","13.8","10.8","94","63","31","11.9","2.1","0.0","1,026.41","1,022.35","0.00"
"8/12/2023","28.1","22.5","18.3","21.6","19.2","16.7","95","83","64","13.0","2.8","0.0","1,022.69","1,019.98","4.57"
"8/13/2023","29.4","22.4","16.9","19.4","16.7","12.9","97","74","40","14.8","2.2","0.0","1,023.03","1,019.64","0.00"
"8/14/2023","30.8","23.0","16.9","20.9","18.2","15.6","95","76","52","12.2","1.7","0.0","1,020.66","1,017.61","0.00"
"8/15/2023","31.3","22.2","18.8","22.0","19.6","18.1","97","87","50","11.6","2.5","0.0","1,023.03","1,017.61","14.48"
"8/16/2023","29.8","22.1","17.5","21.6","19.2","17.1","98","85","57","22.4","2.8","0.0","1,024.04","1,019.98","29.72"
"8/17/2023","31.4","22.1","16.5","21.1","18.3","16.0","98","81","49","9.0","1.9","0.0","1,022.69","1,018.96","0.00"
"8/18/2023","36.5","25.8","18.6","20.2","18.5","15.9","94","68","32","12.6","3.6","0.0","1,020.66","1,017.61","0.00"
"8/19/2023","33.2","26.2","20.0","21.9","18.9","17.2","85","65","46","10.8","2.4","0.0","1,024.04","1,017.95","0.00"
"8/20/2023","36.9","27.1","18.6","21.0","18.8","16.5","95","64","31","10.5","1.7","0.0","1,025.40","1,023.37","0.00"
"8/21/2023","37.4","27.8","19.3","20.8","18.6","15.1","93","62","30","13.7","2.1","0.0","1,026.41","1,023.03","0.00"
"8/22/2023","34.7","25.6","18.7","19.7","17.6","14.4","93","65","32","12.2","2.2","0.0","1,024.04","1,022.35","0.00"
"8/23/2023","34.6","24.0","16.0","17.3","14.5","8.9","94","60","28","10.8","1.5","0.0","1,024.72","1,022.01","0.00"
"8/24/2023","29.7","22.1","17.3","19.8","16.3","12.8","96","72","45","21.2","3.0","0.0","1,023.03","1,014.90","2.29"
"8/25/2023","29.3","22.2","17.3","21.4","19.0","16.8","98","84","56","24.5","4.6","0.0","1,016.26","1,012.19","2.79"
"8/26/2023","26.3","20.7","16.8","19.5","14.2","10.2","94","69","38","14.8","5.2","0.0","1,017.61","1,012.87","1.52"
"8/27/2023","23.9","18.0","13.7","16.8","13.6","10.2","96","77","52","12.6","2.4","0.0","1,017.27","1,013.21","0.00"
"8/28/2023","20.7","15.1","10.1","13.3","11.3","9.3","96","80","55","10.1","1.5","0.0","1,017.27","1,014.90","0.00"
"8/29/2023","21.4","16.3","12.6","15.4","12.6","11.3","95","80","56","8.7","1.4","0.0","1,015.58","1,013.88","1.02"
"8/30/2023","24.1","16.6","12.2","14.7","12.3","9.0","96","79","40","23.0","4.4","0.0","1,014.56","1,010.50","2.79"
"8/31/2023","22.8","16.4","10.8","13.6","10.7","6.4","95","73","37","23.0","6.2","0.0","1,018.63","1,013.21","0.51"
"9/1/2023","22.3","17.6","14.0","19.1","15.6","13.2","97","89","72","23.0","4.3","0.0","1,021.33","1,016.93","7.11"
"9/2/2023","29.8","19.5","12.4","17.4","15.0","11.9","97","79","43","11.9","1.8","0.0","1,027.09","1,021.00","0.00"
"9/3/2023","27.8","19.6","14.7","17.7","15.3","13.4","97","78","47","11.9","2.1","0.0","1,031.49","1,026.75","0.00"
"9/4/2023","28.3","20.2","11.9","14.2","11.6","9.1","95","62","32","17.7","4.2","0.0","1,031.83","1,026.41","0.00"
"9/5/2023","29.9","21.6","14.8","14.9","12.9","11.6","85","60","35","18.7","4.3","0.0","1,027.09","1,023.03","6.35"
"9/6/2023","29.9","21.5","14.6","15.3","13.6","11.7","92","65","35","15.1","3.9","0.0","1,026.08","1,022.69","0.00"
"9/7/2023","30.8","22.0","14.8","15.6","14.0","12.9","90","64","36","15.1","3.9","0.0","1,025.06","1,022.01","0.00"
"9/8/2023","33.8","22.5","15.8","16.5","14.5","13.1","85","64","32","10.8","2.5","0.0","1,023.37","1,020.66","0.00"
"9/9/2023","34.2","22.7","14.5","18.6","15.9","13.2","93","69","35","10.1","1.6","0.0","1,022.35","1,020.32","0.00"
"9/10/2023","34.3","23.2","15.3","18.2","16.2","14.3","95","69","33","10.1","1.4","0.0","1,023.37","1,019.98","0.00"
"9/11/2023","34.9","23.2","14.5","17.9","16.0","13.7","96","69","30","10.1","1.5","0.0","1,020.66","1,016.26","0.00"
"9/12/2023","33.8","23.2","16.7","20.7","17.1","15.4","94","72","38","19.5","2.5","0.0","1,016.59","1,013.21","3.56"
"9/13/2023","26.2","20.5","16.9","17.9","15.8","11.1","95","76","53","14.0","4.3","0.0","1,025.74","1,016.26","0.00"
"9/14/2023","25.0","16.6","10.6","12.1","10.4","8.7","99","69","40","15.4","3.2","0.0","1,027.43","1,024.72","0.00"
"9/15/2023","25.8","17.2","8.9","14.2","11.2","8.1","95","71","41","19.5","3.3","0.0","1,025.06","1,018.96","0.00"
"9/16/2023","31.7","21.4","14.6","19.0","14.9","11.9","91","69","39","11.1","2.2","0.0","1,019.30","1,017.27","0.51"
"9/17/2023","31.5","23.3","17.0","19.2","17.4","16.2","96","73","42","16.9","2.9","0.0","1,018.96","1,013.88","0.00"
"9/18/2023","25.6","20.7","16.6","18.3","16.8","14.2","95","79","56","23.8","5.4","0.0","1,014.56","1,011.18","1.78"
"9/19/2023","23.3","18.2","15.0","15.4","12.1","7.6","94","70","39","26.2","7.2","0.6","1,019.64","1,014.22","0.00"
"9/20/2023","27.3","19.6","14.6","14.4","12.9","11.9","87","67","41","20.6","4.7","0.0","1,018.29","1,010.84","0.00"
"9/21/2023","26.2","17.9","11.1","16.7","13.4","10.0","95","78","47","29.5","3.0","0.0","1,011.18","1,001.02","4.32"
"9/22/2023","22.3","16.0","11.8","15.2","12.0","8.9","95","80","44","23.3","5.5","0.0","1,012.87","1,005.08","4.57"
"9/23/2023","20.6","13.7","8.2","11.8","9.2","7.1","94","76","49","16.6","4.4","0.0","1,027.43","1,012.53","0.00"
"9/24/2023","23.3","13.1","4.8","11.4","8.3","4.2","97","76","40","11.9","1.4","0.0","1,032.17","1,027.09","0.00"
"9/25/2023","25.5","14.8","7.6","11.9","9.4","6.9","95","74","39","11.1","2.5","0.0","1,029.46","1,026.41","0.00"
"9/26/2023","27.6","16.4","8.7","14.4","11.5","7.9","96","76","42","10.5","1.7","0.0","1,027.43","1,024.04","0.00"
"9/27/2023","28.1","17.1","9.3","16.7","13.0","8.8","97","80","45","9.3","1.1","0.0","1,026.08","1,020.66","0.00"
"9/28/2023","29.5","18.9","12.3","17.0","14.2","11.7","97","78","39","9.3","1.4","0.0","1,023.37","1,020.66","0.00"
"9/29/2023","28.1","19.1","14.2","17.4","14.7","12.8","96","78","50","26.2","4.6","0.0","1,028.11","1,021.33","0.25"
"9/30/2023","23.8","16.8","10.1","14.1","10.9","7.7","93","71","38","12.2","2.0","0.0","1,031.83","1,027.77","0.00"
"10/1/2023","27.0","15.3","6.4","13.6","10.5","5.8","96","77","41","13.7","1.4","0.0","1,031.16","1,027.09","0.00"
"10/2/2023","29.2","16.9","8.7","15.9","12.3","8.1","97","78","36","9.3","1.2","0.0","1,027.43","1,021.00","0.00"
"10/3/2023","23.8","15.5","9.8","17.5","13.1","9.0","97","87","60","18.3","3.4","0.0","1,031.16","1,017.61","6.10"
"10/4/2023","20.1","12.9","7.8","12.2","9.1","7.3","97","80","47","16.9","2.7","0.0","1,033.86","1,030.48","0.00"
"10/5/2023","17.4","12.0","7.7","12.1","9.5","7.2","97","86","63","13.4","2.3","0.0","1,031.49","1,029.46","0.00"
"10/6/2023","20.8","11.4","5.7","12.5","8.8","5.2","98","86","53","10.8","1.3","0.0","1,032.17","1,027.77","0.00"
"10/7/2023","22.5","15.1","8.3","13.3","10.9","7.5","95","78","54","18.0","4.9","0.0","1,029.46","1,026.75","0.00"
"10/8/2023","25.6","17.4","12.3","15.2","13.0","11.3","94","77","49","9.7","2.8","0.0","1,030.14","1,026.75","0.00"
"10/9/2023","23.8","16.8","11.6","15.0","13.0","10.1","96","81","43","14.0","2.2","0.0","1,027.09","1,023.37","0.00"
"10/10/2023","25.4","16.4","9.7","13.9","11.6","9.2","97","77","44","10.1","1.7","0.0","1,026.08","1,023.03","0.00"
"10/11/2023","28.1","18.5","11.1","14.2","11.6","10.1","94","68","35","19.8","4.1","0.0","1,023.37","1,018.29","0.00"
"10/12/2023","18.2","16.4","14.8","15.9","13.8","11.6","96","85","68","10.1","2.0","0.0","1,021.33","1,017.95","1.27"
"10/13/2023","28.2","20.3","15.6","15.8","13.8","9.3","96","70","35","23.8","4.2","0.0","1,020.32","1,010.16","0.25"
"10/14/2023","22.6","16.7","8.7","13.8","8.2","2.6","93","59","39","33.5","7.9","0.0","1,023.37","1,009.14","4.83"
"10/15/2023","15.3","7.9","2.8","6.3","4.0","1.8","95","78","44","21.9","2.8","0.0","1,029.12","1,022.69","0.25"
"10/16/2023","12.7","5.5","-1.0","5.3","2.2","-1.7","96","81","52","12.6","2.1","0.0","1,028.45","1,024.38","0.00"
"10/17/2023","12.9","6.6","2.8","4.3","3.2","1.9","95","80","53","16.9","3.7","0.0","1,024.72","1,019.30","0.00"
"10/18/2023","13.9","9.0","4.2","8.9","4.2","1.9","94","73","53","23.3","5.7","0.0","1,019.64","1,004.06","3.05"
"10/19/2023","18.1","13.7","9.9","15.6","12.8","8.9","97","94","83","9.3","1.8","0.0","1,004.40","993.57","2.03"
"10/20/2023","17.6","14.2","11.4","15.5","13.2","10.8","98","94","79","24.1","4.2","0.0","993.91","983.07","2.79"
"10/21/2023","19.7","15.2","11.6","12.8","10.2","7.2","96","74","46","35.2","8.1","0.0","1,007.79","990.52","1.52"
"10/22/2023","16.7","12.5","8.7","10.3","8.7","7.1","94","78","62","18.7","5.4","0.0","1,017.95","1,007.79","0.00"
"10/23/2023","14.2","9.8","4.7","11.1","8.4","4.2","98","92","76","13.0","2.7","0.0","1,018.96","1,010.16","2.79"
"10/24/2023","13.8","11.4","6.9","12.9","10.8","6.7","98","96","93","11.1","2.4","0.0","1,011.18","1,007.45","1.78"
"10/25/2023","12.8","9.9","5.9","12.1","9.4","5.7","98","97","88","16.9","3.4","0.0","1,009.82","997.29","7.62"
"10/26/2023","13.1","11.3","9.8","11.3","9.4","7.4","97","88","75","18.0","4.1","0.0","1,002.37","998.65","1.02"
"10/27/2023","15.7","11.2","8.4","11.6","9.7","8.2","98","91","72","19.5","4.2","0.0","1,002.37","996.61","5.08"
"10/28/2023","14.2","11.8","10.6","10.8","9.7","8.2","95","87","73","20.9","6.9","0.0","1,006.10","1,002.37","1.27"
"10/29/2023","14.1","12.3","11.1","12.3","11.0","9.5","96","92","82","20.6","5.9","0.0","1,008.47","1,002.37","8.64"
"10/30/2023","14.3","12.5","11.2","13.2","11.8","10.6","98","96","90","12.2","3.5","0.0","1,009.48","1,001.69","0.51"
"10/31/2023","16.3","12.2","9.7","12.1","9.1","8.0","97","82","60","19.8","6.6","0.0","1,013.55","1,002.37","0.25"
"11/1/2023","15.8","12.7","10.8","10.8","9.4","8.1","94","81","64","34.3","6.7","0.6","1,013.55","1,004.06","1.02"
"11/2/2023","12.7","11.0","7.4","9.9","7.9","5.1","92","81","74","25.6","9.0","0.0","1,004.06","989.16","4.32"
"11/3/2023","11.6","8.7","5.8","7.1","5.6","4.3","90","81","68","21.2","7.3","0.0","997.29","990.18","0.00"
"11/4/2023","11.0","8.6","5.5","8.6","6.2","4.2","93","85","69","20.1","8.3","1.8","997.63","983.41","1.78"
"11/5/2023","13.6","10.9","9.6","10.0","8.3","7.1","93","84","75","36.7","9.7","1.4","1,002.71","980.02","8.89"
"11/6/2023","14.4","10.6","8.3","9.9","7.7","6.3","92","83","62","19.8","7.7","0.0","1,014.90","1,002.37","4.32"
"11/7/2023","12.3","9.0","5.6","8.7","6.7","4.5","93","86","69","18.0","6.3","0.0","1,019.64","1,014.56","0.25"
"11/8/2023","12.0","9.1","7.4","6.9","6.0","5.3","88","81","68","19.5","7.3","1.4","1,022.01","1,014.90","0.00"
"11/9/2023","10.7","8.6","6.8","8.8","6.3","4.4","93","86","79","20.6","7.5","0.0","1,015.24","1,006.10","1.27"
"11/10/2023","11.1","8.5","6.6","7.4","6.0","4.5","93","85","65","23.8","7.4","0.0","1,006.43","1,002.03","2.79"
"11/11/2023","10.7","7.3","3.8","6.5","4.4","2.4","95","83","60","23.3","6.5","0.0","1,013.55","1,001.36","3.56"
"11/12/2023","12.7","6.0","2.7","7.1","4.5","2.1","96","91","68","11.6","1.5","0.0","1,015.24","1,010.84","0.25"
"11/13/2023","15.2","9.8","5.8","13.8","8.6","4.8","97","93","66","23.8","5.0","0.0","1,015.58","1,005.42","8.13"
"11/14/2023","13.4","11.3","9.1","9.6","8.2","6.5","94","82","72","28.5","8.6","0.6","1,014.22","1,007.79","1.27"
"11/15/2023","13.8","10.7","7.9","10.2","7.7","6.1","93","82","71","26.2","7.5","0.0","1,023.03","1,011.85","7.87"
"11/16/2023","8.9","7.1","4.8","7.7","6.2","3.9","97","94","88","10.1","1.9","0.0","1,022.69","1,012.19","0.51"
"11/17/2023","8.3","6.7","3.9","7.2","5.7","3.3","97","93","85","6.1","1.1","0.0","1,029.46","1,015.24","0.51"
"11/18/2023","7.7","5.1","1.8","7.3","4.5","1.3","98","96","92","18.0","3.4","0.0","1,030.14","1,018.63","2.29"
"11/19/2023","16.4","11.6","7.7","12.4","8.4","6.3","98","82","56","23.0","7.4","0.3","1,018.96","1,015.58","0.00"
"11/20/2023","13.3","11.2","8.8","9.1","7.9","6.9","93","80","71","24.5","8.1","0.6","1,017.27","1,013.55","0.00"
"11/21/2023","12.2","9.1","5.7","8.3","7.2","2.6","97","88","74","24.8","3.3","0.0","1,027.09","1,013.21","2.03"
"11/22/2023","5.7","2.5","-0.2","2.9","-0.9","-3.2","88","79","59","13.0","2.5","0.0","1,034.54","1,027.09","0.00"
"11/23/2023","9.3","4.4","-0.8","7.6","2.4","-2.0","92","87","80","24.5","6.8","0.0","1,033.19","1,017.61","0.00"
"11/24/2023","9.8","6.3","2.3","8.4","3.7","0.8","93","84","73","24.5","6.9","0.0","1,017.95","1,010.84","5.33"
"11/25/2023","6.6","3.8","1.7","3.3","1.4","-0.5","92","84","76","21.6","5.4","0.0","1,018.29","1,011.85","0.51"
"11/26/2023","6.3","4.0","0.8","4.3","2.4","-0.3","95","89","84","13.7","4.2","0.0","1,021.33","1,017.95","0.51"
"11/27/2023","4.2","2.2","0.3","2.3","1.1","-0.3","97","92","84","16.9","5.7","0.6","1,017.95","996.28","12.19"
"11/28/2023","3.5","1.5","-1.4","3.1","-0.7","-4.1","97","86","71","13.4","3.3","0.0","1,013.55","995.26","0.25"
"11/29/2023","4.7","1.0","-2.8","1.4","-0.8","-4.4","95","87","78","22.4","5.1","0.0","1,012.87","1,007.79","0.00"
"11/30/2023","6.3","2.5","1.0","2.7","1.1","0.2","96","91","76","6.1","1.0","0.0","1,008.47","1,003.73","0.00"
"12/1/2023","2.1","1.2","-0.8","0.9","-1.5","-3.6","93","83","77","20.1","5.4","0.0","1,010.16","1,005.08","0.00"
"12/2/2023","-0.8","-1.5","-2.3","-1.7","-5.2","-6.5","99","76","69","17.2","4.2","0.0","1,025.06","1,009.82","0.00"
"12/3/2023","2.6","-2.1","-4.7","-2.8","-4.9","-6.3","90","82","64","11.9","2.6","0.0","1,028.78","1,009.82","0.25"
"12/4/2023","0.2","-2.3","-4.8","-0.5","-3.8","-6.2","95","89","74","10.1","2.8","0.0","1,009.82","993.91","0.00"
"12/5/2023","6.3","3.4","0.1","4.6","2.5","-0.6","97","94","87","24.1","5.4","0.0","998.98","992.89","6.35"
"12/6/2023","4.6","3.6","2.1","3.3","2.2","0.8","97","91","84","11.1","2.6","0.0","1,009.82","998.65","0.00"
"12/7/2023","2.1","-0.3","-2.8","1.2","-0.9","-3.4","97","96","89","11.9","2.0","0.0","1,012.53","1,002.37","0.00"
"12/8/2023","3.4","1.7","0.2","2.8","0.8","-0.9","97","94","85","11.6","1.4","0.0","1,004.74","999.32","0.25"
"12/9/2023","8.8","5.9","3.2","7.2","5.1","2.6","98","95","85","19.8","5.0","0.0","1,005.76","987.47","6.10"
"12/10/2023","11.7","9.4","7.7","7.6","6.0","5.0","88","80","67","27.4","9.8","0.6","1,001.02","990.86","0.51"
"12/11/2023","12.8","10.2","8.2","7.7","6.6","5.4","91","79","62","23.8","7.4","0.3","1,000.34","992.55","0.00"
"12/12/2023","9.1","7.5","4.4","8.5","6.6","3.7","98","94","84","8.2","1.4","0.0","1,001.02","990.52","2.79"
"12/13/2023","12.1","7.9","3.4","9.1","6.9","3.0","98","94","77","14.0","2.5","0.0","995.26","988.83","0.00"
"12/14/2023","8.3","5.3","1.8","6.8","3.9","1.4","98","91","78","10.1","1.9","0.0","1,017.61","994.92","0.00"
"12/15/2023","7.8","5.5","3.4","6.4","4.2","1.8","96","92","82","9.3","1.8","0.0","1,030.14","1,017.27","0.00"
"12/16/2023","9.8","5.5","1.7","5.5","3.7","0.7","96","89","65","13.0","1.8","0.0","1,032.51","1,029.46","0.00"
"12/17/2023","3.9","2.8","0.8","3.2","2.1","0.1","97","95","92","9.7","2.3","0.0","1,030.82","1,026.75","0.00"
"12/18/2023","1.9","0.9","-0.3","1.7","0.6","-0.6","98","98","97","11.1","3.0","0.0","1,026.75","1,019.64","0.00"
"12/19/2023","5.0","2.5","-0.2","4.3","1.5","-0.5","98","94","87","18.0","6.0","0.0","1,019.98","1,006.77","0.00"
"12/20/2023","8.7","6.1","3.6","5.5","3.9","2.0","96","86","71","25.9","7.8","0.0","1,008.47","1,002.71","1.02"
"12/21/2023","10.8","8.6","4.6","9.1","6.6","2.9","95","87","79","30.3","11.0","2.1","1,002.71","986.79","10.92"
"12/22/2023","10.7","7.9","4.8","7.6","5.5","3.0","93","85","75","31.4","9.5","0.3","997.29","992.21","4.32"
"12/23/2023","10.7","8.9","7.0","7.9","6.7","5.0","96","86","73","36.4","11.2","0.0","1,014.22","996.95","4.83"
"12/24/2023","11.3","10.2","8.5","8.6","7.7","6.4","94","85","77","36.0","13.8","2.1","1,014.22","1,010.16","4.83"
"12/25/2023","11.1","10.4","9.3","8.4","8.0","7.4","93","85","78","33.2","11.6","1.8","1,014.56","1,011.51","1.27"
"12/26/2023","12.3","9.5","5.3","8.6","7.0","4.6","95","84","71","33.2","9.1","0.0","1,024.04","1,012.53","0.00"
"12/27/2023","9.6","6.6","3.8","7.2","5.1","2.7","97","90","80","13.4","2.8","0.0","1,024.38","1,016.26","0.00"
"12/28/2023","12.3","8.7","4.4","8.5","6.0","2.4","92","84","72","23.8","7.5","0.3","1,019.64","1,016.59","0.00"
"12/29/2023","11.5","9.9","8.6","7.8","6.7","5.4","91","81","76","27.4","10.6","1.8","1,017.27","1,013.55","0.51"
"12/30/2023","11.8","8.8","7.0","7.7","6.1","4.2","92","83","75","18.3","5.8","0.0","1,018.29","1,013.21","0.00"
"12/31/2023","9.4","6.6","4.1","6.4","4.7","3.1","95","88","79","20.1","5.8","0.0","1,013.55","1,004.06","0.51"
"1/1/2024","8.7","7.2","5.9","5.1","4.4","3.8","90","82","76","31.7","8.6","1.4","1,012.87","1,007.11","0.00"
"1/2/2024","10.8","8.6","6.2","8.3","6.8","4.1","95","88","82","29.9","11.4","2.6","1,010.84","994.92","12.19"
"1/3/2024","13.3","10.3","8.3","8.1","7.2","6.1","94","81","64","30.3","10.3","0.6","998.98","995.94","1.52"
"1/4/2024","10.8","8.5","5.9","7.1","5.6","3.9","90","82","67","27.0","8.4","0.0","1,009.14","998.65","0.25"
"1/5/2024","10.1","6.7","3.8","6.2","4.2","2.2","93","84","68","18.7","4.6","0.0","1,007.45","1,003.05","0.00"
"1/6/2024","8.2","5.5","3.8","5.7","3.5","2.1","92","87","82","11.6","2.8","0.0","1,013.55","1,005.42","0.00"
"1/7/2024","4.9","2.3","-0.9","2.9","-1.2","-6.7","90","78","64","30.9","7.5","0.0","1,025.74","1,013.55","0.51"
"1/8/2024","-0.1","-2.2","-5.7","-5.2","-8.2","-10.7","70","64","53","25.6","8.5","0.3","1,031.49","1,025.06","0.00"
"1/9/2024","0.4","-3.7","-6.7","-9.9","-11.3","-13.1","75","57","40","20.1","7.4","0.0","1,031.83","1,028.78","0.00"
"1/10/2024","-0.4","-4.2","-6.8","-7.4","-9.6","-12.1","84","67","51","15.1","3.8","0.0","1,030.82","1,028.45","0.00"
"1/11/2024","3.1","-3.4","-8.7","-2.8","-7.2","-10.2","90","76","52","10.1","1.2","0.0","1,033.53","1,030.48","0.00"
"1/12/2024","1.2","-0.2","-1.2","-1.2","-2.2","-4.0","90","86","81","8.2","1.7","0.0","1,033.86","1,030.82","0.00"
"1/13/2024","1.2","0.0","-0.8","-1.2","-2.2","-2.9","92","86","79","19.5","5.4","0.0","1,031.16","1,019.64","0.00"
"1/14/2024","0.1","-1.2","-2.3","-2.6","-3.4","-4.8","88","85","81","21.6","7.0","0.6","1,019.98","1,007.45","0.00"
"1/15/2024","3.5","0.2","-2.6","-1.3","-2.9","-4.6","90","80","68","22.4","7.6","0.6","1,010.84","1,004.06","0.00"
"1/16/2024","3.5","-1.3","-6.3","-1.8","-4.1","-7.6","92","82","64","12.6","3.4","0.0","1,013.21","1,009.14","0.51"
"1/17/2024","0.8","-2.7","-7.2","0.3","-3.6","-8.3","97","94","88","6.4","0.8","0.0","1,009.48","989.16","0.25"
"1/18/2024","1.7","-0.5","-4.3","0.1","-1.6","-5.1","97","92","83","8.7","1.3","0.0","1,016.59","992.89","0.25"
"1/19/2024","0.4","-3.6","-7.2","-1.8","-4.9","-8.0","95","91","83","11.9","2.2","0.0","1,032.17","1,016.59","0.25"
"1/20/2024","-3.9","-5.9","-8.2","-4.8","-6.8","-9.2","95","94","92","8.7","1.6","0.0","1,036.91","1,031.83","0.00"
"1/21/2024","2.8","-2.9","-7.8","0.6","-4.2","-8.7","95","91","85","11.6","2.7","0.0","1,034.54","1,026.75","0.00"
"1/22/2024","9.6","6.0","2.5","7.6","3.7","0.2","92","85","78","23.0","8.2","0.6","1,026.75","1,016.26","1.78"
"1/23/2024","9.8","6.8","4.3","6.9","4.2","2.4","94","84","64","33.5","8.3","0.6","1,033.19","1,023.37","3.30"
"1/24/2024","14.8","11.3","7.7","11.0","6.4","3.7","91","73","50","35.6","10.5","0.6","1,032.17","1,022.69","14.22"
"1/25/2024","11.8","8.6","5.5","7.6","5.0","3.5","96","79","61","13.4","3.9","0.0","1,034.88","1,030.48","0.25"
"1/26/2024","12.2","8.7","6.1","10.3","5.9","0.4","97","84","56","24.8","5.8","0.0","1,038.27","1,026.08","3.30"
"1/27/2024","10.4","3.0","-2.1","2.3","-0.5","-2.9","96","79","48","9.7","1.4","0.0","1,041.65","1,037.93","0.00"
"1/28/2024","10.7","2.2","-2.2","1.6","-0.9","-3.2","93","81","50","11.6","2.1","0.0","1,039.28","1,033.19","0.00"
"1/29/2024","10.7","2.0","-3.7","4.1","-0.3","-4.5","95","86","61","9.3","0.9","0.0","1,035.22","1,033.19","0.00"
"1/30/2024","8.8","3.3","-2.3","5.9","1.7","-2.8","97","90","76","8.7","0.8","0.0","1,036.57","1,033.53","0.00"
"1/31/2024","9.5","6.4","2.6","6.2","3.3","1.4","97","82","59","15.8","2.1","0.0","1,038.27","1,032.17","0.00"
"2/1/2024","11.7","6.7","-0.5","8.6","3.4","-1.5","94","80","50","18.3","4.0","0.0","1,037.25","1,030.48","2.03"
"2/2/2024","11.4","5.9","-0.8","5.2","2.4","-1.8","94","80","56","23.8","5.7","0.0","1,037.25","1,031.49","0.00"
"2/3/2024","11.3","9.1","7.3","7.6","6.4","5.2","89","83","77","24.1","7.2","0.6","1,033.19","1,030.14","0.00"
"2/4/2024","11.9","10.2","8.8","8.6","7.7","7.2","92","85","79","33.5","11.0","0.3","1,030.48","1,026.41","2.29"
"2/5/2024","12.8","9.8","7.3","7.5","6.3","4.1","87","79","67","30.3","12.3","1.4","1,027.43","1,023.37","0.00"
"2/6/2024","9.5","8.2","6.6","6.4","5.2","4.1","88","82","77","31.7","10.8","2.1","1,024.04","1,015.24","0.51"
"2/7/2024","11.5","7.7","3.2","8.9","5.8","2.7","96","88","80","32.8","10.8","0.0","1,015.58","1,006.43","8.38"
"2/8/2024","11.6","6.5","3.0","10.2","5.8","2.4","97","95","88","15.1","3.2","0.0","1,007.11","997.29","1.02"
"2/9/2024","14.3","11.2","9.7","10.6","9.4","8.5","96","89","77","19.5","7.5","0.6","997.63","992.55","3.81"
"2/10/2024","13.1","10.4","7.9","11.0","9.1","7.4","97","92","82","13.0","2.6","0.0","993.57","989.16","1.02"
"2/11/2024","11.0","9.1","8.0","8.1","6.8","5.7","96","86","71","21.2","5.8","0.0","1,017.61","990.52","1.52"
"2/12/2024","11.0","8.2","4.1","7.7","5.5","2.6","95","84","61","13.7","4.1","0.0","1,033.86","1,017.27","0.51"
"2/13/2024","11.6","5.6","-0.3","4.8","2.3","-0.9","97","81","56","22.7","3.4","0.0","1,040.30","1,033.86","0.00"
"2/14/2024","11.7","8.8","5.8","9.8","6.7","2.6","97","87","77","18.3","6.3","0.0","1,040.98","1,038.61","4.32"
"2/15/2024","16.3","11.8","9.4","11.3","9.6","8.1","97","87","67","10.5","2.5","0.0","1,040.30","1,033.19","0.00"
"2/16/2024","17.0","11.5","7.8","11.8","9.5","6.9","97","88","65","15.8","3.4","0.0","1,042.33","1,032.85","4.57"
"2/17/2024","14.3","10.6","6.8","11.0","8.6","6.2","97","88","73","9.3","1.8","0.0","1,053.84","1,041.99","0.25"
"2/18/2024","11.3","8.3","4.5","8.5","6.9","4.1","97","91","73","20.6","4.3","0.0","1,053.84","1,043.35","3.56"
"2/19/2024","12.9","10.1","8.3","8.3","6.9","5.0","89","81","59","18.7","5.9","0.0","1,048.43","1,043.69","0.00"
"2/20/2024","12.7","9.0","6.2","6.5","5.2","4.3","89","77","60","20.9","4.7","0.0","1,049.78","1,045.38","0.00"
"2/21/2024","11.6","8.8","6.6","6.7","5.5","4.4","92","80","64","19.8","6.0","0.0","1,046.39","1,026.41","4.32"
"2/22/2024","12.2","9.6","7.8","9.9","8.4","4.7","96","92","73","37.0","9.7","1.8","1,026.75","1,006.43","19.30"
"2/23/2024","11.3","7.1","4.3","5.1","2.8","1.3","91","75","51","26.7","7.8","0.0","1,017.61","1,011.18","0.00"
"2/24/2024","10.4","5.3","-0.2","4.2","1.9","-1.0","95","80","52","23.3","5.4","0.0","1,026.08","1,016.93","0.25"
"2/25/2024","12.1","6.7","-0.2","4.0","1.9","-0.9","95","72","50","17.7","5.6","0.0","1,025.74","1,017.95","0.00"
"2/26/2024","10.6","7.6","5.1","7.3","4.9","1.6","95","83","69","17.7","5.1","0.0","1,028.45","1,016.93","5.33"
"2/27/2024","12.3","8.5","4.8","5.9","4.5","2.1","87","76","63","20.9","5.7","0.0","1,037.59","1,028.11","0.25"
"2/28/2024","13.3","5.1","-1.2","4.2","1.2","-1.9","96","79","47","9.0","1.1","0.0","1,042.67","1,037.25","0.00"
"2/29/2024","13.7","4.1","-2.5","5.4","1.5","-3.1","96","84","53","9.7","1.3","0.0","1,040.30","1,026.41","0.00"
"3/1/2024","11.1","4.7","-1.2","6.1","2.4","-1.7","96","86","64","18.0","2.1","0.0","1,027.09","1,024.04","0.00"
"3/2/2024","17.1","8.1","0.7","6.2","3.6","0.1","97","76","42","11.1","2.2","0.0","1,025.06","1,020.66","0.00"
"3/3/2024","16.8","10.9","6.2","7.1","5.6","4.1","90","72","48","17.2","4.0","0.0","1,022.69","1,017.61","0.00"
"3/4/2024","11.2","8.7","4.2","7.6","6.3","2.9","93","85","76","11.9","3.0","0.0","1,032.85","1,022.69","0.00"
"3/5/2024","10.5","8.0","4.6","7.7","5.8","3.5","93","86","73","13.0","1.8","0.0","1,036.91","1,031.83","0.00"
"3/6/2024","12.3","6.4","0.2","7.2","3.5","-0.2","97","83","62","15.4","2.9","0.0","1,043.35","1,036.57","0.00"
"3/7/2024","9.8","6.1","1.2","3.1","0.9","-0.7","92","71","54","18.7","4.5","0.0","1,043.35","1,037.25","0.00"
"3/8/2024","11.9","6.5","1.3","0.9","-0.6","-2.3","80","62","45","26.2","6.2","0.0","1,037.25","1,026.41","0.00"
"3/9/2024","14.6","8.5","3.1","3.2","1.4","-0.4","78","62","44","15.8","6.0","0.0","1,026.75","1,017.27","0.00"
"3/10/2024","13.7","9.8","7.2","7.4","3.5","2.1","94","65","48","20.6","5.2","0.0","1,017.61","1,013.55","1.78"
"3/11/2024","15.1","9.3","4.6","8.4","5.9","2.8","96","81","53","21.2","6.4","0.0","1,030.82","1,017.27","8.13"
"3/12/2024","13.1","8.0","4.2","7.4","5.2","2.9","96","83","59","18.7","4.9","0.0","1,036.91","1,030.48","2.29"
"3/13/2024","13.1","9.6","7.2","11.8","8.7","6.4","96","94","89","11.6","2.9","0.0","1,037.25","1,034.54","0.00"
"3/14/2024","20.3","12.0","6.2","11.1","8.9","5.7","98","83","53","14.0","1.8","0.0","1,036.91","1,030.82","0.00"
"3/15/2024","16.1","11.2","5.7","12.2","9.0","5.1","97","87","68","21.9","4.7","0.0","1,033.19","1,030.14","1.52"
"3/16/2024","14.7","10.7","6.7","10.5","6.9","3.5","93","78","53","20.1","5.1","0.0","1,044.70","1,032.85","1.27"
"3/17/2024","15.8","8.9","1.6","6.3","4.3","0.9","96","75","47","9.7","1.2","0.0","1,044.70","1,037.93","0.00"
"3/18/2024","17.9","10.6","7.3","13.7","8.2","5.8","97","86","60","9.3","1.6","0.0","1,038.27","1,034.88","1.52"
"3/19/2024","17.7","10.3","6.1","11.6","8.6","5.4","98","90","63","8.7","0.9","0.0","1,039.96","1,037.25","0.25"
"3/20/2024","22.7","12.0","3.9","10.2","6.8","3.5","97","75","37","8.2","1.2","0.0","1,040.30","1,037.25","0.00"
"3/21/2024","18.7","11.5","4.9","10.6","6.7","4.2","96","75","46","20.6","3.0","0.0","1,044.36","1,038.27","0.00"
"3/22/2024","18.4","11.4","4.3","10.2","7.3","3.4","95","77","55","23.3","3.1","0.0","1,044.02","1,029.46","0.00"
"3/23/2024","11.9","7.2","2.9","7.1","3.6","0.4","93","79","48","28.0","5.7","0.0","1,032.51","1,025.40","5.33"
"3/24/2024","10.7","6.7","3.9","5.0","2.8","1.1","90","76","62","28.8","10.0","0.3","1,029.46","1,025.06","2.03"
"3/25/2024","14.9","8.8","3.4","2.4","-0.1","-4.4","82","56","29","15.4","4.6","0.0","1,029.12","1,019.30","0.00"
"3/26/2024","14.9","8.8","3.7","3.0","0.9","-1.6","74","59","40","16.3","4.1","0.0","1,019.98","1,007.79","0.00"
"3/27/2024","15.3","9.8","4.9","7.9","4.2","2.0","82","69","51","20.6","4.8","0.0","1,010.50","1,005.42","0.00"
"3/28/2024","15.3","8.4","2.2","6.2","3.3","0.1","94","72","37","37.5","7.9","0.0","1,018.63","1,006.77","3.30"
"3/29/2024","12.3","8.6","4.0","11.1","7.1","1.7","97","91","76","11.9","2.3","0.0","1,019.30","1,015.92","4.32"
"3/30/2024","14.6","10.7","7.7","11.3","9.0","7.2","97","90","74","10.5","2.1","0.0","1,020.32","1,016.59","0.00"
"3/31/2024","20.8","13.7","8.4","12.1","9.3","7.6","98","78","46","21.2","3.3","0.0","1,020.66","1,014.90","3.56"
"4/1/2024","13.2","10.2","8.2","9.4","8.4","6.9","96","89","70","25.6","5.3","0.0","1,024.04","1,011.85","6.10"
"4/2/2024","15.8","10.6","6.7","8.8","6.1","4.1","93","75","52","29.1","8.2","0.0","1,031.16","1,023.71","0.51"
"4/3/2024","12.8","10.6","8.3","10.8","8.4","5.8","94","86","74","17.2","5.4","0.0","1,030.82","1,026.75","3.30"
"4/4/2024","17.0","12.5","9.1","11.1","9.8","7.4","94","84","64","30.9","8.1","0.0","1,033.86","1,028.78","4.32"
"4/5/2024","21.9","15.6","10.0","13.3","10.8","9.2","96","75","52","24.5","5.3","0.0","1,034.88","1,030.82","0.25"
"4/6/2024","28.8","19.2","10.8","11.6","9.4","5.7","88","58","24","21.9","3.4","0.0","1,036.23","1,031.49","0.00"
"4/7/2024","26.8","18.7","10.8","12.5","10.2","8.8","90","61","35","50.4","2.6","0.0","1,038.27","1,030.82","0.00"
"4/8/2024","29.3","20.3","12.8","13.4","10.7","6.7","92","59","25","16.3","2.9","0.0","1,031.16","1,007.11","0.25"
"4/9/2024","18.6","14.0","9.3","11.7","7.9","3.9","79","67","56","32.0","6.5","0.0","1,024.04","1,006.43","0.00"
"4/10/2024","18.6","10.9","4.5","5.9","3.5","0.7","91","64","31","15.1","2.7","0.0","1,034.54","1,024.04","0.00"
"4/11/2024","20.8","11.2","0.8","6.6","3.4","0.1","95","64","30","14.3","1.9","0.0","1,036.91","1,012.53","0.25"
"4/12/2024","21.9","13.9","4.9","12.2","8.6","3.9","94","72","51","13.7","2.0","0.0","1,014.56","1,010.16","0.00"
"4/13/2024","26.3","16.9","7.4","13.3","11.0","6.8","96","72","42","16.9","2.7","0.0","1,010.84","1,001.69","0.00"
"4/14/2024","24.8","17.3","9.8","13.4","9.6","7.7","95","64","35","14.0","2.8","0.0","1,003.05","996.28","0.00"
"4/15/2024","19.2","13.1","5.1","8.8","5.2","0.6","88","62","30","38.1","8.8","0.0","996.95","983.75","15.49"
"4/16/2024","13.3","7.7","3.8","6.3","4.0","1.5","87","78","54","32.3","9.4","0.0","988.83","984.08","1.78"
"4/17/2024","13.7","8.5","5.3","5.4","2.9","-1.7","93","70","37","15.4","3.7","0.0","992.55","988.49","0.51"
"4/18/2024","14.8","8.5","4.4","3.9","2.0","-0.6","86","66","41","18.0","3.3","0.0","1,000.34","992.21","0.00"
"4/19/2024","9.7","7.0","4.8","8.0","4.1","0.6","93","82","67","27.4","7.4","0.0","1,000.00","987.81","6.35"
"4/20/2024","13.7","7.2","2.9","6.8","3.4","-1.0","92","78","46","16.9","4.4","0.0","1,001.36","991.87","6.86"
"4/21/2024","9.8","5.8","2.8","4.3","1.2","-1.3","93","73","49","28.8","6.0","0.0","1,004.06","998.65","3.56"
"4/22/2024","11.9","5.0","-1.9","5.9","-0.4","-3.7","92","70","37","19.5","2.8","0.0","1,004.40","1,000.68","1.52"
"4/23/2024","14.3","6.6","-0.4","-0.3","-3.0","-6.3","93","55","28","15.1","3.7","0.0","1,002.03","994.92","0.00"
"4/24/2024","12.8","6.8","0.9","5.0","0.9","-1.6","85","67","41","19.8","4.9","0.0","995.26","987.13","1.27"
"4/25/2024","12.3","7.6","4.1","5.1","1.3","-2.9","83","66","36","19.5","6.1","0.0","989.50","986.46","0.51"
"4/26/2024","18.8","8.7","-0.1","6.3","3.0","-0.9","95","71","36","18.0","3.6","0.0","988.49","985.78","0.00"
"4/27/2024","24.8","14.1","2.7","8.9","4.8","1.2","96","61","23","18.0","3.3","0.0","990.18","986.12","0.00"
"4/28/2024","19.9","14.7","9.8","10.3","7.5","3.6","89","63","41","20.6","4.6","0.0","999.66","986.79","0.25"
"4/29/2024","23.9","15.9","8.6","10.5","8.7","7.1","94","65","37","11.9","2.2","0.0","1,003.05","999.32","0.00"
"4/30/2024","31.8","19.4","7.9","13.0","10.1","7.0","95","60","26","11.9","2.0","0.0","1,000.00","990.18","0.00"
"5/1/2024","28.7","21.1","12.3","13.0","10.5","9.1","87","54","31","16.3","3.9","0.0","990.18","981.04","0.00"
"5/2/2024","28.7","19.4","13.3","15.2","11.8","10.5","94","65","35","21.2","6.0","0.0","984.76","978.33","8.89"
"5/3/2024","18.8","13.1","8.8","12.3","8.9","4.7","95","79","41","18.7","6.1","0.0","996.95","984.42","3.05"
"5/4/2024","21.1","13.3","4.9","12.3","7.8","4.3","97","73","41","14.3","2.6","0.0","997.97","990.18","0.25"
"5/5/2024","20.7","15.7","12.6","12.8","11.2","9.5","94","76","53","16.9","5.2","0.0","992.21","989.50","0.25"
"5/6/2024","18.1","14.4","12.6","16.1","13.3","10.8","97","93","86","19.5","4.1","0.0","992.21","987.47","6.10"
"5/7/2024","18.3","14.4","11.3","13.3","10.8","9.2","96","80","57","18.7","4.3","0.0","1,002.03","991.87","0.00"
"5/8/2024","20.9","14.2","8.7","10.6","8.3","5.1","92","70","39","16.3","3.4","0.0","1,007.45","1,001.69","0.00"
"5/9/2024","24.6","15.6","6.2","10.5","7.3","4.8","97","63","32","18.0","2.7","0.0","1,008.13","1,003.05","0.00"
"5/10/2024","27.1","17.4","8.1","9.8","7.7","5.1","94","58","28","16.3","2.7","0.0","1,004.40","1,001.02","0.00"
"5/11/2024","28.8","18.9","10.2","10.6","8.6","6.6","85","55","26","16.3","3.6","0.0","1,002.71","998.65","0.00"
"5/12/2024","28.4","20.2","13.6","12.6","9.9","8.3","76","54","30","21.6","4.9","0.0","999.66","993.57","0.00"
"5/13/2024","28.7","20.4","13.3","15.1","12.1","9.5","88","61","38","18.0","3.0","0.0","995.26","989.84","0.00"
"5/14/2024","29.6","20.8","12.8","13.3","10.7","6.4","94","57","26","19.8","4.6","0.0","990.18","985.10","0.00"
"5/15/2024","21.4","17.2","12.6","14.9","11.7","8.3","92","71","51","20.1","3.4","0.0","988.15","985.10","5.33"
"5/16/2024","27.7","18.4","13.4","15.2","13.0","9.2","97","74","36","14.8","3.1","0.0","987.13","984.76","0.51"
"5/17/2024","17.0","15.3","13.8","14.5","13.4","12.3","96","88","77","15.8","3.1","0.0","988.15","983.75","3.30"
"5/18/2024","20.7","15.4","12.8","14.9","13.3","12.3","97","88","63","16.3","3.4","0.0","991.87","988.15","0.51"
"5/19/2024","21.3","16.1","12.1","15.8","12.6","11.0","94","80","58","17.2","3.7","0.0","992.21","990.18","0.25"
"5/20/2024","27.9","17.7","8.5","14.2","11.2","8.1","97","70","35","12.6","2.2","0.0","992.55","989.16","0.00"
"5/21/2024","23.3","17.5","14.4","16.3","13.4","11.1","95","78","54","14.8","3.9","0.0","989.50","985.78","1.27"
"5/22/2024","23.3","16.4","12.2","14.5","12.0","8.8","97","78","43","60.8","5.0","0.0","994.92","987.47","12.70"
"5/23/2024","26.5","17.9","8.7","13.3","10.6","8.1","97","66","35","18.0","2.9","0.0","997.63","994.58","0.00"
"5/24/2024","23.8","16.4","13.2","16.2","13.3","10.9","97","83","50","18.0","2.7","0.0","998.65","996.61","8.38"
"5/25/2024","26.8","18.1","11.6","15.6","12.1","8.3","98","72","34","13.7","2.9","0.0","998.65","996.61","1.27"
"5/26/2024","26.8","18.7","10.3","14.5","12.1","9.4","97","69","35","26.2","3.7","0.0","998.65","996.28","0.00"
"5/27/2024","24.5","18.2","13.1","15.4","13.3","10.1","95","75","42","16.3","2.9","0.0","998.98","995.26","3.56"
"5/28/2024","22.8","17.0","11.0","12.2","8.5","5.6","87","60","36","23.8","5.2","0.0","1,001.69","997.63","0.00"
"5/29/2024","19.2","16.5","13.8","14.9","13.0","10.2","92","80","64","21.2","5.9","0.0","997.97","989.84","1.78"
"5/30/2024","24.3","16.1","13.5","16.5","13.6","12.1","97","86","48","13.0","3.1","0.0","990.18","984.76","7.11"
"5/31/2024","21.8","16.3","12.8","13.1","11.4","9.3","95","75","47","14.3","3.1","0.0","992.89","988.15","0.00"
"6/1/2024","19.4","16.8","15.2","15.8","13.8","11.8","93","82","71","15.4","3.5","0.0","997.63","992.21","2.03"
"6/2/2024","20.7","17.8","15.1","16.1","14.2","11.1","89","80","68","15.1","5.2","0.0","1,001.36","996.95","0.00"
"6/3/2024","24.2","16.8","11.7","11.4","9.3","7.7","83","63","40","14.0","3.8","0.0","1,001.02","997.97","0.00"
"6/4/2024","27.2","17.9","8.4","12.9","10.3","7.2","94","64","40","15.1","3.0","0.0","998.98","991.20","0.00"
"6/5/2024","23.2","17.0","11.9","15.5","12.2","10.6","93","75","51","19.8","4.3","0.0","997.29","991.20","1.02"
"6/6/2024","26.8","18.2","9.0","14.3","10.1","5.2","96","64","32","19.2","3.5","0.0","998.31","995.26","0.00"
"6/7/2024","26.8","18.4","7.8","11.4","8.3","5.5","92","56","32","15.8","2.6","0.0","1,000.34","996.28","0.00"
"6/8/2024","28.8","19.8","8.8","11.6","9.3","7.2","95","56","29","18.7","3.8","0.0","997.29","988.83","0.00"
"6/9/2024","27.3","19.7","13.8","10.2","7.4","1.3","74","48","23","14.3","3.7","0.0","992.55","987.47","0.00"
"6/10/2024","23.0","16.6","9.3","10.4","7.0","4.2","82","54","37","30.3","7.1","0.0","991.87","986.46","0.00"
"6/11/2024","21.8","15.2","9.7","7.3","4.9","2.6","78","53","31","14.3","4.3","0.0","998.31","991.87","0.00"
"6/12/2024","22.2","14.7","7.2","7.9","5.8","3.6","89","58","32","13.7","3.2","0.0","1,000.68","998.31","0.00"
"6/13/2024","23.9","16.9","10.8","7.7","5.8","3.5","72","51","29","14.3","3.1","0.0","1,000.34","994.92","0.00"
"6/14/2024","21.1","15.3","12.1","14.8","11.3","7.3","94","77","65","19.2","5.0","0.0","994.92","987.47","1.78"
"6/15/2024","23.3","18.0","14.1","15.1","9.6","3.6","95","63","29","32.3","8.9","0.0","990.86","984.76","4.32"
"6/16/2024","23.3","18.1","13.1","13.2","10.2","8.1","83","62","39","22.7","5.6","0.0","992.21","989.84","0.00"
"6/17/2024","25.3","19.5","15.6","17.0","15.0","12.2","96","77","52","18.0","5.1","0.0","995.94","991.87","3.56"
"6/18/2024","30.8","21.4","13.4","22.1","16.6","13.0","97","77","42","13.7","2.2","0.0","996.28","990.52","2.29"
"6/19/2024","20.9","18.1","14.3","19.1","15.9","12.8","97","87","68","18.0","3.2","0.0","1,001.69","991.87","2.29"
"6/20/2024","26.3","19.2","13.0","19.7","15.7","12.1","94","81","59","19.5","3.5","0.0","1,002.03","995.26","0.25"
"6/21/2024","27.4","20.8","17.1","21.3","18.2","14.3","96","86","59","33.5","4.5","0.0","996.95","990.86","7.62"
"6/22/2024","25.1","18.0","12.9","17.8","14.0","10.6","91","78","60","19.5","4.9","0.0","997.63","993.57","0.51"
"6/23/2024","29.5","20.0","13.4","15.6","13.8","11.6","94","70","36","16.3","2.3","0.0","1,000.68","997.29","0.00"
"6/24/2024","30.3","22.0","12.8","15.7","13.5","11.3","96","62","33","22.4","3.5","0.0","1,001.02","996.61","0.00"
"6/25/2024","31.5","24.1","17.1","16.1","13.3","11.4","75","53","33","19.5","5.0","0.0","997.97","991.53","0.00"
"6/26/2024","37.0","26.3","17.6","21.3","16.2","13.8","89","57","29","14.0","3.4","0.0","992.55","988.15","0.25"
"6/27/2024","35.3","26.4","19.3","21.5","18.6","14.7","96","67","33","21.2","3.7","0.0","991.87","988.83","0.00"
"6/28/2024","31.3","24.2","16.8","19.3","15.3","10.1","93","62","32","19.5","3.7","0.0","997.97","991.20","0.00"
"6/29/2024","34.1","24.2","14.1","22.3","16.3","11.5","90","64","42","14.3","3.2","0.0","997.97","983.41","0.00"
"6/30/2024","27.3","19.5","17.2","22.4","17.4","15.0","96","88","62","34.6","4.5","0.0","994.92","983.41","10.16"
"7/1/2024","22.9","18.6","16.1","16.4","12.8","7.7","96","72","41","16.6","4.7","0.0","997.97","993.91","0.00"
"7/2/2024","20.6","16.4","13.6","14.7","12.4","9.7","96","78","51","20.6","4.8","0.0","997.97","993.57","2.29"
"7/3/2024","21.2","15.3","12.6","14.8","12.7","10.9","96","85","56","10.1","2.2","0.0","994.58","990.52","3.05"
"7/4/2024","25.7","18.1","13.2","16.1","12.9","10.2","96","75","41","22.4","6.3","0.0","993.23","988.49","0.51"
"7/5/2024","27.3","18.8","11.8","14.3","11.2","8.5","91","63","39","21.2","5.2","0.0","995.26","990.18","0.00"
"7/6/2024","27.6","19.6","12.9","17.8","14.5","11.4","96","74","52","29.9","6.0","0.0","991.87","984.42","0.00"
"7/7/2024","25.8","18.3","9.0","11.8","8.9","4.7","96","60","28","18.7","2.8","0.0","996.61","991.87","0.51"
"7/8/2024","29.8","20.7","9.4","12.8","10.4","7.9","95","57","27","16.3","2.1","0.0","999.32","996.28","0.00"
"7/9/2024","36.3","26.2","15.1","18.7","15.1","11.8","86","54","27","15.4","3.1","0.0","997.97","991.87","0.00"
"7/10/2024","30.2","23.7","19.8","21.1","18.8","17.1","96","75","51","21.9","4.0","0.0","997.63","992.55","4.32"
"7/11/2024","31.4","24.0","19.1","21.6","17.2","13.3","98","70","37","17.7","3.1","0.0","998.31","995.26","3.05"
"7/12/2024","29.3","22.4","16.8","20.4","16.1","11.9","95","70","42","27.7","6.6","0.0","995.60","989.16","2.79"
"7/13/2024","26.3","19.6","13.5","12.8","11.1","8.8","85","60","36","19.8","4.5","0.0","994.92","993.57","0.00"
"7/14/2024","28.0","20.9","12.9","14.1","12.0","8.5","91","60","33","15.4","2.5","0.0","995.26","993.23","0.00"
"7/15/2024","35.4","23.4","12.4","18.5","14.3","11.4","94","62","29","30.3","2.4","0.0","994.92","988.15","5.08"
"7/16/2024","26.3","21.3","16.2","18.5","15.6","11.6","97","73","43","30.6","6.6","0.0","998.31","991.20","0.00"
"7/17/2024","30.4","21.8","15.3","15.1","13.8","11.8","93","63","35","14.3","3.3","0.0","1,003.05","997.97","0.00"
"7/18/2024","31.6","22.9","15.7","16.1","14.0","11.7","88","61","31","15.4","3.5","0.0","1,003.73","1,000.68","0.00"
"7/19/2024","34.6","25.1","17.1","17.3","15.2","13.4","81","56","34","18.0","3.5","0.0","1,002.03","995.60","0.00"
"7/20/2024","37.4","27.5","18.4","19.1","16.7","14.3","85","56","28","24.5","2.5","0.0","995.94","987.47","0.00"
"7/21/2024","32.6","25.6","20.2","19.8","17.7","14.4","87","64","37","17.2","3.9","0.0","992.89","986.79","0.00"
"7/22/2024","30.7","24.0","19.6","19.3","16.6","12.1","95","66","38","14.8","3.6","0.0","1,000.00","992.55","0.51"
"7/23/2024","27.7","21.1","15.0","20.2","15.5","12.3","92","72","45","23.8","4.8","0.0","1,000.34","996.95","2.79"
"7/24/2024","27.6","20.9","14.9","15.0","12.9","10.6","92","63","36","16.3","3.3","0.0","1,001.69","998.31","0.00"
"7/25/2024","30.1","21.5","12.1","15.6","12.8","10.9","94","62","32","13.4","2.1","0.0","999.66","992.55","0.00"
"7/26/2024","26.7","20.3","16.4","20.0","17.4","14.4","93","84","64","11.1","2.0","0.0","994.58","991.20","1.52"
"7/27/2024","25.8","20.7","18.2","21.4","19.4","17.7","97","93","70","9.7","2.1","0.0","996.95","993.23","10.16"
"7/28/2024","28.4","20.9","15.4","18.6","14.2","11.5","96","69","37","12.6","2.8","0.0","1,006.77","996.61","0.00"
"7/29/2024","30.7","21.4","13.3","15.1","13.1","10.8","95","64","33","23.0","3.3","0.0","1,005.76","1,000.34","0.00"
"7/30/2024","37.3","25.5","16.4","19.1","15.3","13.2","83","57","29","14.3","3.0","0.0","1,000.68","994.92","0.00"
"7/31/2024","35.6","26.5","18.3","19.3","17.5","16.3","90","61","34","14.3","2.4","0.0","995.60","992.21","0.00"
"8/1/2024","25.3","21.8","18.1","21.4","19.0","16.6","94","84","67","11.1","2.5","0.0","993.57","990.52","4.32"
"8/2/2024","32.2","24.4","19.6","18.9","17.4","15.6","87","68","40","13.0","3.2","0.0","993.57","990.86","0.00"
"8/3/2024","29.9","22.7","16.9","20.4","17.8","16.0","95","76","49","20.6","3.9","0.0","994.58","991.87","1.02"
"8/4/2024","24.0","20.4","17.3","20.1","16.9","13.7","92","81","65","18.0","3.1","0.0","996.95","994.24","3.30"
"8/5/2024","30.9","22.4","15.9","15.3","13.8","11.8","91","62","34","11.9","2.0","0.0","997.29","994.24","0.00"
"8/6/2024","33.3","23.6","14.4","17.9","15.2","13.1","99","64","34","11.6","2.1","0.0","995.26","990.86","2.03"
"8/7/2024","30.2","22.5","16.0","22.6","18.1","15.4","96","78","49","15.1","2.6","0.0","995.60","991.20","4.57"
"8/8/2024","29.4","22.2","16.3","16.7","14.2","11.2","95","65","35","16.9","2.8","0.0","998.65","995.26","0.00"
"8/9/2024","30.3","22.6","14.4","17.4","15.7","13.5","95","68","44","21.2","4.7","0.0","999.66","996.28","0.00"
"8/10/2024","33.2","24.5","16.6","19.2","14.4","9.3","95","60","24","20.1","3.3","0.0","1,001.69","999.32","0.00"
"8/11/2024","33.4","24.4","15.9","17.8","15.6","13.9","90","61","36","14.0","2.8","0.0","1,003.05","997.63","0.00"
"8/12/2024","36.3","27.3","19.8","21.4","18.1","15.3","83","60","38","16.6","4.0","0.0","997.97","990.52","0.00"
"8/13/2024","39.4","28.1","20.3","21.9","19.8","15.4","94","65","32","18.7","3.2","0.0","992.21","988.49","1.02"
"8/14/2024","33.4","24.9","19.8","31.7","19.4","16.5","99","74","42","21.2","4.0","0.0","996.61","989.50","2.03"
"8/15/2024","33.3","24.9","17.9","18.5","17.1","15.2","94","65","36","16.9","2.8","0.0","999.66","996.28","0.00"
"8/16/2024","33.3","24.8","17.8","18.8","14.5","10.3","93","59","27","19.2","3.9","0.0","998.65","994.58","0.00"
"8/17/2024","30.7","22.6","17.9","21.2","17.3","14.0","97","74","47","16.3","3.1","0.0","996.28","991.53","3.30"
"8/18/2024","23.7","20.4","16.9","20.0","17.2","13.0","97","83","62","15.1","3.1","0.0","996.28","989.50","0.51"
"8/19/2024","28.1","20.3","14.4","15.8","13.6","11.3","92","68","39","11.9","1.8","0.0","999.66","995.94","0.00"
"8/20/2024","28.3","20.0","13.5","17.5","15.3","12.4","94","76","49","14.8","2.6","0.0","997.97","991.53","0.00"
"8/21/2024","25.2","20.1","14.3","16.7","11.6","7.3","89","61","34","19.5","5.1","0.0","999.66","992.21","0.00"
"8/22/2024","27.9","18.7","9.9","12.6","10.9","8.9","95","65","35","14.8","2.7","0.0","999.66","992.21","0.00"
"8/23/2024","30.6","21.0","11.4","15.8","12.8","10.1","94","64","30","26.7","5.7","0.0","994.58","991.53","0.00"
"8/24/2024","34.9","25.7","15.3","19.2","16.0","14.2","94","60","32","23.8","4.9","0.0","994.92","986.46","0.00"
"8/25/2024","27.1","20.5","13.3","19.4","11.4","6.4","92","60","29","19.8","5.4","0.0","1,004.06","991.20","1.02"
"8/26/2024","28.1","18.2","8.6","12.7","9.1","6.6","94","61","28","16.3","1.9","0.0","1,004.74","1,002.03","0.00"
"8/27/2024","30.2","20.0","10.3","14.6","11.6","8.9","92","62","35","17.2","3.1","0.0","1,004.06","998.31","0.00"
"8/28/2024","34.3","24.2","16.3","18.6","15.3","12.3","83","60","31","14.0","3.5","0.0","999.32","995.26","0.00"
"8/29/2024","37.2","26.2","16.0","19.9","17.5","14.9","94","63","29","13.7","2.1","0.0","998.98","996.28","0.00"
"8/30/2024","30.6","24.2","18.6","19.4","18.0","16.0","91","70","49","20.6","4.2","0.0","1,000.68","997.63","0.00"
"8/31/2024","31.7","23.9","18.3","19.9","17.2","15.6","85","68","48","18.0","6.7","0.3","1,001.69","997.97","0.00"
"9/1/2024","32.6","25.5","19.6","19.0","17.0","15.0","76","61","42","19.2","5.4","0.0","999.32","993.23","0.00"
"9/2/2024","30.6","24.6","18.8","19.6","18.1","16.7","89","68","47","19.8","3.3","0.0","994.58","992.21","0.00"
"9/3/2024","34.0","24.2","17.1","20.5","18.4","16.2","96","73","39","16.3","2.3","0.0","996.28","993.91","0.00"
"9/4/2024","28.9","21.6","17.6","21.1","18.5","16.6","96","84","55","15.4","1.9","0.0","997.63","993.23","4.57"
"9/5/2024","33.1","25.0","18.3","20.2","17.4","14.1","94","67","33","23.3","5.2","0.0","993.57","985.78","1.02"
"9/6/2024","26.6","20.2","15.2","20.3","17.0","14.4","96","83","56","16.3","3.5","0.0","993.91","987.47","0.00"
"9/7/2024","31.8","21.4","13.4","19.7","16.2","12.9","98","76","42","12.2","2.1","0.0","994.58","989.50","0.00"
"9/8/2024","21.4","18.6","16.1","19.1","16.9","15.4","97","90","72","12.2","2.3","0.0","993.23","987.81","6.10"
"9/9/2024","21.6","17.4","15.3","16.5","15.1","13.7","97","87","63","22.4","5.0","0.0","990.52","985.10","2.29"
"9/10/2024","20.8","16.6","13.4","14.8","12.4","10.7","94","77","58","21.6","6.3","0.0","995.26","990.18","1.02"
"9/11/2024","17.1","14.4","8.8","12.4","9.6","4.8","94","75","46","25.6","6.4","0.0","991.53","985.78","4.32"
"9/12/2024","18.4","10.8","6.9","10.0","7.5","5.2","97","82","45","18.3","3.4","0.0","996.61","991.20","0.51"
"9/13/2024","17.3","11.6","5.8","10.4","7.8","5.1","97","79","56","14.8","3.3","0.0","1,006.77","996.28","0.00"
"9/14/2024","16.8","12.6","8.7","8.8","7.0","5.1","87","70","47","14.8","4.6","0.0","1,009.48","1,006.43","0.00"
"9/15/2024","20.8","13.1","5.3","9.6","7.2","4.2","94","70","42","14.0","2.6","0.0","1,009.48","1,004.06","0.00"
"9/16/2024","16.6","13.7","9.5","13.3","11.0","8.3","94","84","75","12.2","1.8","0.0","1,004.74","1,003.05","0.00"
"9/17/2024","23.2","18.1","13.3","14.6","12.6","10.6","84","71","53","29.1","6.9","0.0","1,005.76","1,003.39","0.00"
"9/18/2024","25.9","20.2","15.6","15.2","13.5","10.4","89","68","39","24.1","8.3","0.6","1,005.42","1,002.03","0.00"
"9/19/2024","24.8","19.1","15.8","14.0","12.8","9.8","82","69","40","25.6","7.3","0.3","1,003.73","999.66","0.00"
"9/20/2024","25.4","18.3","13.3","13.0","11.5","10.3","83","66","42","17.7","4.9","0.0","1,002.03","999.66","0.00"
"9/21/2024","26.9","17.9","12.8","14.4","12.4","10.7","92","72","44","12.2","2.9","0.0","1,002.03","998.65","0.00"
"9/22/2024","26.4","17.5","11.2","16.3","13.6","10.6","96","80","48","10.1","1.4","0.0","998.98","992.89","0.00"
"9/23/2024","21.2","17.0","14.4","16.5","15.0","13.6","97","88","68","12.6","3.0","0.0","993.57","989.16","1.52"
"9/24/2024","19.3","15.2","13.3","14.7","13.4","12.2","97","89","71","23.0","6.2","0.0","989.84","986.46","1.27"
"9/25/2024","19.1","16.2","14.1","15.2","13.6","12.4","93","85","73","18.7","6.0","0.0","989.16","983.07","1.02"
"9/26/2024","19.2","15.9","13.8","17.2","14.8","12.7","96","93","84","22.4","7.6","0.6","983.41","973.93","21.59"
"9/27/2024","18.9","15.2","11.8","13.9","9.9","6.9","94","72","50","29.9","9.6","0.6","988.49","979.68","0.00"
"9/28/2024","17.1","12.8","7.1","10.1","7.5","3.6","92","72","44","13.4","4.1","0.0","1,008.13","988.15","0.00"
"9/29/2024","15.7","9.7","3.1","9.1","6.0","2.5","97","79","55","15.4","2.4","0.0","1,010.16","1,001.69","0.00"
"9/30/2024","14.8","11.1","7.3","13.6","9.4","5.3","96","90","80","13.0","3.1","0.0","1,001.69","991.87","2.03"
"10/1/2024","18.8","14.0","7.9","13.4","10.8","7.1","96","82","57","20.6","5.0","0.0","992.21","987.47","1.52"
"10/2/2024","20.1","12.5","8.1","13.1","10.1","7.4","97","87","51","18.0","1.8","0.0","993.91","986.79","1.78"
"10/3/2024","14.7","11.5","9.7","9.9","8.0","6.6","91","80","68","23.8","6.4","0.0","998.65","993.57","0.00"
"10/4/2024","14.8","12.2","10.1","9.6","8.3","7.2","87","77","66","20.6","5.7","0.0","1,000.68","997.29","0.00"
"10/5/2024","17.4","11.0","4.8","9.4","7.2","4.1","95","79","52","12.6","2.0","0.0","1,001.02","995.94","0.00"
"10/6/2024","14.1","9.7","5.8","9.6","7.5","5.1","95","86","69","14.3","3.8","0.0","996.28","987.13","0.00"
"10/7/2024","18.9","14.5","10.7","16.6","13.5","9.4","97","94","83","13.4","2.7","0.0","987.47","984.76","6.60"
"10/8/2024","16.9","15.6","13.7","16.2","15.1","13.3","98","97","93","12.6","4.5","0.0","984.76","982.39","0.00"
"10/9/2024","16.4","14.1","12.3","14.2","13.0","11.6","98","93","76","15.4","3.9","0.0","983.75","966.48","0.51"
"10/10/2024","17.3","14.4","11.7","15.5","12.6","10.9","98","89","74","26.2","6.6","0.0","988.83","963.77","4.83"
"10/11/2024","16.4","10.4","4.9","11.2","8.1","4.3","97","87","57","10.1","2.0","0.0","1,000.34","988.49","1.78"
"10/12/2024","14.3","8.7","4.6","10.8","7.3","4.1","97","91","72","11.6","2.6","0.0","1,000.34","988.83","0.00"
"10/13/2024","15.1","11.3","6.0","11.8","7.1","3.6","98","77","48","20.9","4.6","0.0","1,003.05","988.15","1.52"
"10/14/2024","13.2","8.2","4.2","8.9","6.5","3.7","97","90","67","9.7","1.7","0.0","1,002.03","996.28","1.52"
"10/15/2024","12.3","10.3","7.8","10.4","9.2","7.4","97","93","87","14.3","3.5","0.0","1,003.05","998.65","0.00"
"10/16/2024","18.3","13.8","11.5","12.8","11.3","10.2","93","85","69","14.8","4.2","0.0","998.65","993.91","0.00"
"10/17/2024","21.0","14.9","10.6","16.2","12.9","9.9","97","89","72","10.1","2.1","0.0","996.28","993.57","1.27"
"10/18/2024","17.3","14.4","12.5","13.6","12.6","11.3","96","89","75","13.7","2.5","0.0","995.60","993.57","0.00"
"10/19/2024","17.9","15.0","12.1","14.9","13.4","11.4","97","90","75","13.7","3.4","0.0","1,001.69","994.58","0.51"
"10/20/2024","13.7","11.9","8.6","12.7","11.4","8.3","98","96","92","11.6","1.9","0.0","1,004.74","1,001.36","0.00"
"10/21/2024","24.9","16.7","12.1","16.1","13.9","11.5","97","85","55","10.5","2.2","0.0","1,007.11","1,002.71","0.00"
"10/22/2024","18.0","13.9","6.7","13.9","10.6","6.0","96","82","56","13.0","2.9","0.0","1,014.22","1,002.37","0.25"
"10/23/2024","16.6","9.0","3.3","10.1","6.6","2.8","97","87","58","10.8","1.5","0.0","1,016.93","1,012.19","0.00"
"10/24/2024","16.4","11.4","5.9","11.9","9.3","5.3","97","88","74","11.6","2.5","0.0","1,012.53","1,002.71","0.00"
"10/25/2024","21.4","13.4","9.0","14.4","11.1","8.4","97","87","60","11.1","2.3","0.0","1,003.05","999.66","0.00"
"10/26/2024","17.8","12.2","9.7","12.6","10.3","8.8","97","89","70","12.2","3.6","0.0","1,001.69","996.95","0.00"
"10/27/2024","17.3","12.2","8.3","13.6","10.7","7.8","97","91","77","9.7","1.7","0.0","1,006.77","997.29","0.00"
"10/28/2024","13.7","10.5","7.4","12.6","10.0","6.9","98","97","91","8.7","1.2","0.0","1,007.79","1,005.42","0.00"
"10/29/2024","17.8","11.4","7.7","13.8","10.2","7.2","99","93","70","13.4","1.0","0.0","1,008.13","1,005.76","0.25"
"10/30/2024","15.9","11.0","6.6","12.9","10.0","6.3","98","94","81","5.8","0.6","0.0","1,009.14","1,006.77","0.00"
"10/31/2024","14.6","11.3","10.1","10.9","9.9","9.3","97","91","77","8.7","1.7","0.0","1,010.16","1,007.11","0.00"
"11/1/2024","11.5","10.5","9.7","9.8","8.8","7.8","97","89","82","11.1","1.6","0.0","1,007.79","1,004.40","0.00"
"11/2/2024","13.8","11.2","8.6","10.2","9.0","7.1","93","86","75","14.8","1.8","0.0","1,012.19","1,007.45","0.00"
"11/3/2024","15.3","8.4","2.7","8.3","5.9","2.2","97","85","61","13.4","2.9","0.0","1,012.19","1,009.14","0.00"
"11/4/2024","10.9","5.7","2.6","7.4","4.6","2.1","98","93","78","13.0","3.4","0.0","1,010.84","1,006.43","0.00"
"11/5/2024","6.3","4.1","0.3","5.8","3.6","-0.2","98","96","94","9.0","1.1","0.0","1,007.45","1,005.76","0.00"
"11/6/2024","7.7","6.3","4.9","6.0","5.1","4.2","96","92","87","8.7","1.8","0.0","1,013.55","1,007.11","0.00"
"11/7/2024","7.6","6.3","5.6","4.8","4.0","3.3","91","85","80","11.9","2.3","0.0","1,014.22","1,011.85","0.00"
"11/8/2024","7.3","6.4","5.7","6.3","4.6","3.3","95","88","82","13.4","3.6","0.0","1,012.53","1,006.77","0.00"
"11/9/2024","8.8","7.2","5.8","6.7","5.5","4.8","96","90","85","10.1","2.1","0.0","1,008.47","1,006.43","0.00"
"11/10/2024","5.8","4.9","4.1","5.2","4.4","3.7","98","97","94","6.1","1.2","0.0","1,011.18","1,007.79","0.00"
"11/11/2024","6.7","5.5","4.3","6.4","5.1","4.1","99","98","94","11.9","2.5","0.0","1,011.18","1,006.43","3.05"
"11/12/2024","10.0","7.4","5.8","7.3","5.8","3.3","99","90","79","16.3","3.8","0.0","1,011.85","1,006.43","0.51"
"11/13/2024","8.3","6.3","4.7","5.8","4.4","2.9","97","88","77","12.2","1.5","0.0","1,012.53","1,010.16","2.79"
"11/14/2024","8.8","6.7","5.6","7.5","6.1","5.1","98","96","79","11.9","3.2","0.0","1,010.50","1,006.77","1.02"
"11/15/2024","9.7","7.5","6.6","8.2","6.8","6.1","98","95","88","4.7","0.7","0.0","1,008.81","1,005.42","0.00"
"11/16/2024","7.6","6.5","5.3","6.3","3.5","2.1","93","82","72","12.6","2.8","0.0","1,005.76","997.29","0.00"
"11/17/2024","6.7","5.6","4.2","4.9","3.5","2.4","95","86","80","23.8","7.4","0.0","997.63","993.23","1.78"
"11/18/2024","7.6","6.5","5.1","6.3","5.4","3.9","97","93","85","22.4","5.4","0.0","993.91","989.84","3.05"
"11/19/2024","11.1","8.3","3.9","9.3","7.1","1.7","98","92","85","30.9","9.7","0.0","990.18","971.89","8.38"
"11/20/2024","5.4","3.4","1.2","2.2","0.2","-1.6","89","80","63","27.7","6.5","0.0","986.12","975.28","0.00"
"11/21/2024","3.5","2.5","0.1","0.9","-0.8","-2.5","88","79","68","25.3","6.0","0.0","985.44","974.26","0.00"
"11/22/2024","4.1","2.8","1.2","0.2","-0.5","-2.2","85","79","73","26.2","11.7","2.9","997.63","976.97","0.00"
"11/23/2024","6.3","5.5","4.7","2.2","0.7","-0.9","80","71","65","18.0","6.2","0.6","1,003.39","995.94","1.52"
"11/24/2024","16.4","11.1","5.4","9.1","5.4","0.3","77","68","61","22.7","5.7","0.0","997.97","994.58","0.00"
"11/25/2024","15.9","11.9","7.3","12.0","7.4","5.0","94","75","56","13.0","2.8","0.0","994.58","987.81","2.79"
"11/26/2024","11.3","8.8","4.3","10.2","7.3","3.6","96","91","81","14.8","3.0","0.0","1,003.39","993.91","1.78"
"11/27/2024","12.0","8.3","4.4","9.9","6.7","3.8","97","90","77","20.9","5.1","0.0","1,003.39","994.58","1.27"
"11/28/2024","10.8","7.5","2.5","9.8","3.7","1.2","94","77","61","15.4","4.1","0.0","1,011.51","995.94","0.00"
"11/29/2024","9.0","2.8","-1.8","4.8","0.7","-2.3","97","87","67","9.7","1.4","0.0","1,014.56","1,011.51","0.00"
"11/30/2024","6.5","1.2","-2.0","1.8","-0.6","-2.8","96","88","71","11.1","2.4","0.0","1,013.21","1,009.14","0.00"
"12/1/2024","0.2","-1.1","-3.0","-0.1","-1.6","-3.6","98","97","95","9.7","1.6","0.0","1,009.82","1,003.05","0.00"
"12/2/2024","4.4","2.4","0.0","3.8","1.8","-0.4","98","96","90","6.1","0.9","0.0","1,003.73","995.94","0.25"
"12/3/2024","8.3","4.0","-0.1","6.0","2.9","-0.7","98","93","79","12.2","1.8","0.0","1,003.39","996.28","3.30"
"12/4/2024","8.3","2.9","-1.9","3.9","1.0","-2.3","97","88","68","7.2","0.9","0.0","1,009.48","1,003.05","0.00"
"12/5/2024","4.3","1.2","-1.3","3.7","0.5","-1.9","97","95","87","17.2","4.3","0.0","1,009.48","990.18","3.30"
"12/6/2024","9.8","7.4","4.3","6.7","4.1","2.2","97","80","63","33.2","9.5","1.1","999.32","982.39","11.68"
"12/7/2024","7.2","5.7","3.8","6.2","4.1","1.9","96","90","81","18.0","6.2","0.0","998.98","980.02","3.05"
"12/8/2024","9.2","6.5","5.3","4.5","3.3","2.6","89","81","70","19.8","4.3","0.0","996.28","980.70","0.00"
"12/9/2024","6.4","5.0","3.9","3.9","1.8","0.5","86","80","73","29.9","7.2","0.0","1,005.42","996.28","0.00"
"12/10/2024","5.9","4.7","3.2","3.1","2.2","0.9","92","84","79","24.5","6.5","0.0","1,009.48","1,004.74","0.25"
"12/11/2024","3.3","2.8","2.1","1.3","0.5","-0.3","88","85","80","18.3","3.4","0.0","1,012.19","1,008.81","0.00"
"12/12/2024","3.5","2.4","1.3","0.2","-0.4","-1.1","85","82","77","10.5","1.8","0.0","1,012.53","1,010.84","0.00"
"12/13/2024","2.2","1.4","0.8","0.2","-0.6","-1.2","88","86","84","12.6","2.4","0.0","1,011.85","1,004.74","0.00"
"12/14/2024","2.6","0.5","-2.2","0.7","-1.0","-3.1","96","90","83","14.8","4.1","0.0","1,004.74","1,001.36","0.00"
"12/15/2024","7.3","4.7","1.6","5.1","2.7","0.1","91","87","84","21.6","7.2","0.6","1,013.21","1,003.73","0.00"
"12/16/2024","10.0","8.5","7.0","7.6","6.5","5.1","90","87","84","21.2","7.9","0.6","1,014.90","1,012.19","0.00"
"12/17/2024","9.6","7.7","5.9","7.1","5.7","4.6","93","87","78","12.2","4.0","0.0","1,012.87","1,005.42","0.00"
"12/18/2024","12.7","8.5","4.2","8.8","5.8","3.3","95","84","65","18.3","5.8","0.0","1,005.42","993.23","0.25"
"12/19/2024","13.1","9.5","4.4","10.3","7.4","1.6","94","87","78","25.3","8.4","1.4","993.23","977.65","5.08"
"12/20/2024","7.7","4.4","0.8","2.9","1.1","-0.8","90","80","64","18.0","5.1","0.0","1,003.73","993.23","0.00"
"12/21/2024","7.6","5.2","2.2","5.8","3.6","0.4","94","89","84","25.3","8.5","1.1","1,003.05","989.16","1.78"
"12/22/2024","7.6","5.0","0.1","6.6","2.9","-1.2","96","87","72","25.6","7.6","0.0","989.16","980.02","6.10"
"12/23/2024","7.7","3.4","-0.7","4.0","1.5","-1.7","95","88","71","14.3","3.5","0.0","1,002.71","987.47","3.81"
"12/24/2024","6.8","4.1","1.2","4.3","2.3","0.3","95","88","79","9.3","2.6","0.0","1,013.88","1,002.37","0.51"
"12/25/2024","8.2","4.9","2.6","5.1","3.4","1.9","96","90","80","7.9","1.2","0.0","1,017.61","1,013.21","0.00"
"12/26/2024","6.8","3.3","0.8","2.2","1.1","-0.5","96","86","67","16.9","4.3","0.0","1,018.96","1,016.26","0.00"
"12/27/2024","5.8","0.3","-3.7","1.3","-1.1","-4.3","98","91","69","12.6","2.3","0.0","1,016.93","1,013.21","0.00"
"12/28/2024","-2.2","-3.0","-4.8","-2.7","-3.5","-5.4","97","96","95","6.9","0.9","0.0","1,013.55","1,011.18","0.00"
"12/29/2024","-0.2","-1.3","-2.4","-0.6","-1.7","-2.8","98","97","94","9.3","1.9","0.0","1,013.55","1,010.16","0.00"
"12/30/2024","0.2","-0.5","-1.1","-0.4","-1.1","-2.1","98","95","92","11.1","3.4","0.0","1,014.56","1,011.85","0.00"
"12/31/2024","0.2","-0.8","-1.7","-0.9","-1.5","-2.1","98","95","89","16.9","5.4","0.0","1,012.53","1,008.13","0.00"
